"อำเภอ","ชื่อภาษาอังกฤษ","จังหวัด","Province","จำนวนตำบล"
เกาะลันตา,Ko Lanta,กระบี่,Krabi,5
เขาพนม,Khao Phanom,กระบี่,Krabi,6
คลองท่อม,Khlong Thom,กระบี่,Krabi,7
ปลายพระยา,Plai Phraya,กระบี่,Krabi,4
เมืองกระบี่,Mueang Krabi,กระบี่,Krabi,10
ลำทับ,Lam Thap,กระบี่,Krabi,4
เหนือคลอง,Nuea Khlong,กระบี่,Krabi,8
อ่าวลึก,Ao Luek,กระบี่,Krabi,9
เขตคลองเตย,Khet Khlong Toei,กรุงเทพมหานคร,Bangkok,6
เขตคลองสาน,Khet Khlong San,กรุงเทพมหานคร,Bangkok,4
เขตคลองสามวา,Khet Khlong Sam Wa,กรุงเทพมหานคร,Bangkok,5
เขตคันนายาว,Khet Khan Na Yao,กรุงเทพมหานคร,Bangkok,1
เขตจตุจักร,Khet Chatuchak,กรุงเทพมหานคร,Bangkok,5
เขตจอมทอง,Khet Chom Thong,กรุงเทพมหานคร,Bangkok,4
เขตดอนเมือง,Khet Don Mueang,กรุงเทพมหานคร,Bangkok,1
เขตดินแดง,Khet Din Daeng,กรุงเทพมหานคร,Bangkok,2
เขตดุสิต,Khet Dusit,กรุงเทพมหานคร,Bangkok,5
เขตตลิ่งชัน,Khet Taling Chan,กรุงเทพมหานคร,Bangkok,6
เขตทวีวัฒนา,Khet Thawi Watthana,กรุงเทพมหานคร,Bangkok,2
เขตทุ่งครุ,Khet Thung Khru,กรุงเทพมหานคร,Bangkok,2
เขตธนบุรี,Khet Thon Buri,กรุงเทพมหานคร,Bangkok,7
เขตบางกอกน้อย,Khet Bangkok Noi,กรุงเทพมหานคร,Bangkok,5
เขตบางกอกใหญ่,Khet Bangkok Yai,กรุงเทพมหานคร,Bangkok,2
เขตบางกะปิ,Khet Bang Kapi,กรุงเทพมหานคร,Bangkok,2
เขตบางขุนเทียน,Khet Bang Khun Thian,กรุงเทพมหานคร,Bangkok,2
เขตบางเขน,Khet Bang Khen,กรุงเทพมหานคร,Bangkok,2
เขตบางคอแหลม,Khet Bang Kho Laem,กรุงเทพมหานคร,Bangkok,3
เขตบางแค,Khet Bang Khae,กรุงเทพมหานคร,Bangkok,4
เขตบางซื่อ,Khet Bang Sue,กรุงเทพมหานคร,Bangkok,1
เขตบางนา,Khet Bang Na,กรุงเทพมหานคร,Bangkok,1
เขตบางบอน,Khet Bang Bon,กรุงเทพมหานคร,Bangkok,1
เขตบางพลัด,Khet Bang Phlat,กรุงเทพมหานคร,Bangkok,4
เขตบางรัก,Khet Bang Rak,กรุงเทพมหานคร,Bangkok,5
เขตบึงกุ่ม,Khet Bueng Kum,กรุงเทพมหานคร,Bangkok,3
เขตปทุมวัน,Khet Pathum Wan,กรุงเทพมหานคร,Bangkok,4
เขตประเวศ,Khet Prawet,กรุงเทพมหานคร,Bangkok,4
เขตป้อมปราบศัตรูพ่าย,Khet Pom Prap Sattru Phai,กรุงเทพมหานคร,Bangkok,5
เขตพญาไท,Khet Phaya Thai,กรุงเทพมหานคร,Bangkok,1
เขตพระโขนง,Khet Phra Khanong,กรุงเทพมหานคร,Bangkok,1
เขตพระนคร,Khet Phra Nakhon,กรุงเทพมหานคร,Bangkok,12
เขตภาษีเจริญ,Khet Phasi Charoen,กรุงเทพมหานคร,Bangkok,10
เขตมีนบุรี,Khet Min Buri,กรุงเทพมหานคร,Bangkok,2
เขตยานนาวา,Khet Yan Nawa,กรุงเทพมหานคร,Bangkok,2
เขตราชเทวี,Khet Ratchathewi,กรุงเทพมหานคร,Bangkok,4
เขตราษฎร์บูรณะ,Khet Rat Burana,กรุงเทพมหานคร,Bangkok,2
เขตลาดกระบัง,Khet Lat Krabang,กรุงเทพมหานคร,Bangkok,6
เขตลาดพร้าว,Khet Lat Phrao,กรุงเทพมหานคร,Bangkok,2
เขตวังทองหลาง,Khet Wang Thonglang,กรุงเทพมหานคร,Bangkok,1
เขตวัฒนา,Khet Watthana,กรุงเทพมหานคร,Bangkok,3
เขตสวนหลวง,Khet Suan Luang,กรุงเทพมหานคร,Bangkok,1
เขตสะพานสูง,Khet Saphan Sung,กรุงเทพมหานคร,Bangkok,1
เขตสัมพันธวงศ์,Khet Samphanthawong,กรุงเทพมหานคร,Bangkok,3
เขตสาทร,Khet Sathon,กรุงเทพมหานคร,Bangkok,3
เขตสายไหม,Khet Sai Mai,กรุงเทพมหานคร,Bangkok,3
เขตหนองแขม,Khet Nong Khaem,กรุงเทพมหานคร,Bangkok,2
เขตหนองจอก,Khet Nong Chok,กรุงเทพมหานคร,Bangkok,8
เขตหลักสี่,Khet Lak Si,กรุงเทพมหานคร,Bangkok,2
เขตห้วยขวาง,Khet Huai Khwang,กรุงเทพมหานคร,Bangkok,3
ด่านมะขามเตี้ย,Dan Makham Tia,กาญจนบุรี,Kanchanaburi,4
ทองผาภูมิ,Pha Phum,กาญจนบุรี,Kanchanaburi,7
ท่าม่วง,Tha Muang,กาญจนบุรี,Kanchanaburi,13
ท่ามะกา,Tha Maka,กาญจนบุรี,Kanchanaburi,17
ไทรโยค,Sai Yok,กาญจนบุรี,Kanchanaburi,7
บ่อพลอย,Bo Phloi,กาญจนบุรี,Kanchanaburi,6
พนมทวน,Phanom Thuan,กาญจนบุรี,Kanchanaburi,8
เมืองกาญจนบุรี,Mueang Kanchanaburi,กาญจนบุรี,Kanchanaburi,13
เลาขวัญ,Lao Khwan,กาญจนบุรี,Kanchanaburi,7
ศรีสวัสดิ์,Si Sawat,กาญจนบุรี,Kanchanaburi,6
สังขละบุรี,Sangkhla Buri,กาญจนบุรี,Kanchanaburi,3
หนองปรือ,Nong Prue,กาญจนบุรี,Kanchanaburi,3
ห้วยกระเจา,Huai Krachao,กาญจนบุรี,Kanchanaburi,4
กมลาไสย,Kamalasai,กาฬสินธุ์,Kalasin,8
กุฉินารายณ์,Kuchinarai,กาฬสินธุ์,Kalasin,12
เขาวง,Khao Wong,กาฬสินธุ์,Kalasin,6
คำม่วง,Kham Muang,กาฬสินธุ์,Kalasin,6
ฆ้องชัย,Khong Chai,กาฬสินธุ์,Kalasin,5
ดอนจาน,Don Chan,กาฬสินธุ์,Kalasin,5
ท่าคันโท,Tha Khantho,กาฬสินธุ์,Kalasin,6
นาคู,Na Khu,กาฬสินธุ์,Kalasin,5
นามน,Na Mon,กาฬสินธุ์,Kalasin,5
เมืองกาฬสินธุ์,Mueang Kalasin,กาฬสินธุ์,Kalasin,17
ยางตลาด,Yang Talat,กาฬสินธุ์,Kalasin,15
ร่องคำ,Rong Kham,กาฬสินธุ์,Kalasin,3
สมเด็จ,Somdet,กาฬสินธุ์,Kalasin,8
สหัสขันธ์,Sahatsakhan,กาฬสินธุ์,Kalasin,8
สามชัย,Sam Chai,กาฬสินธุ์,Kalasin,4
หนองกุงศรี,Nong Kung Si,กาฬสินธุ์,Kalasin,9
ห้วยผึ้ง,Huai Phueng,กาฬสินธุ์,Kalasin,4
ห้วยเม็ก,Huai Mek,กาฬสินธุ์,Kalasin,9
โกสัมพีนคร,Kosamphi Nakhon,กำแพงเพชร,Kamphaeng Phet,3
ขาณุวรลักษบุรี,Khanu Woralaksaburi,กำแพงเพชร,Kamphaeng Phet,11
คลองขลุง,Khlong Khlung,กำแพงเพชร,Kamphaeng Phet,10
คลองลาน,Khlong Lan,กำแพงเพชร,Kamphaeng Phet,4
ทรายทองวัฒนา,Sai Thong Watthana,กำแพงเพชร,Kamphaeng Phet,3
ไทรงาม,Sai Ngam,กำแพงเพชร,Kamphaeng Phet,7
บึงสามัคคี,Bueng Samakkhi,กำแพงเพชร,Kamphaeng Phet,4
ปางศิลาทอง,Pang Sila Thong,กำแพงเพชร,Kamphaeng Phet,3
พรานกระต่าย,Phran Kratai,กำแพงเพชร,Kamphaeng Phet,10
เมืองกำแพงเพชร,Mueang Kamphaeng Phet,กำแพงเพชร,Kamphaeng Phet,16
ลานกระบือ,Lan Krabue,กำแพงเพชร,Kamphaeng Phet,7
กระนวน,Kranuan,ขอนแก่น,Khon Kaen,9
เขาสวนกวาง,Khao Suan Kwang,ขอนแก่น,Khon Kaen,5
โคกโพธิ์ไชย,Khok Pho Chai,ขอนแก่น,Khon Kaen,4
ชนบท,Chonnabot,ขอนแก่น,Khon Kaen,8
ชุมแพ,Chum Phae,ขอนแก่น,Khon Kaen,12
ซำสูง,Sam Sung,ขอนแก่น,Khon Kaen,5
น้ำพอง,Nam Phong,ขอนแก่น,Khon Kaen,12
โนนศิลา,Non Sila,ขอนแก่น,Khon Kaen,5
บ้านไผ่,Ban Phai,ขอนแก่น,Khon Kaen,10
บ้านฝาง,Ban Fang,ขอนแก่น,Khon Kaen,7
บ้านแฮด,Ban Haet,ขอนแก่น,Khon Kaen,4
เปือยน้อย,Pueai Noi,ขอนแก่น,Khon Kaen,4
พระยืน,Phra Yuen,ขอนแก่น,Khon Kaen,5
พล,Phon,ขอนแก่น,Khon Kaen,12
ภูผาม่าน,Phu Pha Man,ขอนแก่น,Khon Kaen,5
ภูเวียง,Phu Wiang,ขอนแก่น,Khon Kaen,11
มัญจาคีรี,Mancha Khiri,ขอนแก่น,Khon Kaen,8
เมืองขอนแก่น,Mueang Khon Kaen,ขอนแก่น,Khon Kaen,18
เวียงเก่า,Wiang Kao,ขอนแก่น,Khon Kaen,3
แวงน้อย,Waeng Noi,ขอนแก่น,Khon Kaen,6
แวงใหญ่,Waeng Yai,ขอนแก่น,Khon Kaen,5
สีชมพู,Si Chomphu,ขอนแก่น,Khon Kaen,10
หนองนาคำ,Nong Na Kham,ขอนแก่น,Khon Kaen,3
หนองเรือ,Nong Ruea,ขอนแก่น,Khon Kaen,10
หนองสองห้อง,Nong Song Hong,ขอนแก่น,Khon Kaen,12
อุบลรัตน์,Ubolratana,ขอนแก่น,Khon Kaen,6
แก่งหางแมว,Kaeng Hang Maeo,จันทบุรี,Chanthaburi,5
ขลุง,Khlung,จันทบุรี,Chanthaburi,12
เขาคิชฌกูฏ,Khoa Khitchakut,จันทบุรี,Chanthaburi,5
ท่าใหม่,Tha Mai,จันทบุรี,Chanthaburi,14
นายายอาม,Na Yai Am,จันทบุรี,Chanthaburi,6
โป่งน้ำร้อน,Pong Nam Ron,จันทบุรี,Chanthaburi,5
มะขาม,Makham,จันทบุรี,Chanthaburi,6
เมืองจันทบุรี,Mueang Chanthaburi,จันทบุรี,Chanthaburi,11
สอยดาว,Soi Dao,จันทบุรี,Chanthaburi,5
แหลมสิงห์,Laem Sing,จันทบุรี,Chanthaburi,7
คลองเขื่อน,Khlong Khuean,ฉะเชิงเทรา,Chachoengsao,5
ท่าตะเกียบ,Tha Takiap,ฉะเชิงเทรา,Chachoengsao,2
บางคล้า,Bang Khla,ฉะเชิงเทรา,Chachoengsao,9
บางน้ำเปรี้ยว,Bang Nam Priao,ฉะเชิงเทรา,Chachoengsao,10
บางปะกง,Bang Pakong,ฉะเชิงเทรา,Chachoengsao,12
บ้านโพธิ์,Ban Pho,ฉะเชิงเทรา,Chachoengsao,17
แปลงยาว,Plaeng Yao,ฉะเชิงเทรา,Chachoengsao,4
พนมสารคาม,Phanom Sarakham,ฉะเชิงเทรา,Chachoengsao,8
เมืองฉะเชิงเทรา,Mueang Chachoengsao,ฉะเชิงเทรา,Chachoengsao,19
ราชสาส์น,Ratchasan,ฉะเชิงเทรา,Chachoengsao,3
สนามชัยเขต,Sanam Chai Khet,ฉะเชิงเทรา,Chachoengsao,4
เกาะจันทร์,Ko Chan,ชลบุรี,Chon Buri,2
เกาะสีชัง,Ko Sichang,ชลบุรี,Chon Buri,1
บ่อทอง,Bo Thong,ชลบุรี,Chon Buri,6
บางละมุง,Bang Lamung,ชลบุรี,Chon Buri,8
บ้านบึง,Ban Bueng,ชลบุรี,Chon Buri,8
พนัสนิคม,Phanat Nikhom,ชลบุรี,Chon Buri,20
พานทอง,Phan Thong,ชลบุรี,Chon Buri,11
เมืองชลบุรี,Mueang Chon Buri,ชลบุรี,Chon Buri,18
ศรีราชา,Si Racha,ชลบุรี,Chon Buri,8
สัตหีบ,Sattahip,ชลบุรี,Chon Buri,5
หนองใหญ่,Nong Yai,ชลบุรี,Chon Buri,5
เนินขาม,Noen Kham,ชัยนาท,Chai Nat,3
มโนรมย์,Manorom,ชัยนาท,Chai Nat,7
เมืองชัยนาท,Mueang Chai Nat,ชัยนาท,Chai Nat,9
วัดสิงห์,Wat Sing,ชัยนาท,Chai Nat,7
สรรคบุรี,Sankhaburi,ชัยนาท,Chai Nat,8
สรรพยา,Sapphaya,ชัยนาท,Chai Nat,7
หนองมะโมง,Nong Mamong,ชัยนาท,Chai Nat,4
หันคา,Hankha,ชัยนาท,Chai Nat,8
เกษตรสมบูรณ์,Kaset Sombun,ชัยภูมิ,Chaiyaphum,11
แก้งคร้อ,Kaeng Khro,ชัยภูมิ,Chaiyaphum,10
คอนสวรรค์,Khon Sawan,ชัยภูมิ,Chaiyaphum,9
คอนสาร,Khon San,ชัยภูมิ,Chaiyaphum,8
จัตุรัส,Chatturat,ชัยภูมิ,Chaiyaphum,9
ซับใหญ่,Sap Yai,ชัยภูมิ,Chaiyaphum,3
เทพสถิต,Thep Sathit,ชัยภูมิ,Chaiyaphum,5
เนินสง่า,Noen Sa-nga,ชัยภูมิ,Chaiyaphum,4
บ้านเขว้า,Ban Khwao,ชัยภูมิ,Chaiyaphum,6
บ้านแท่น,Ban Thaen,ชัยภูมิ,Chaiyaphum,5
บำเหน็จณรงค์,Bamnet Narong,ชัยภูมิ,Chaiyaphum,7
ภักดีชุมพล,Phakdi Chumphon,ชัยภูมิ,Chaiyaphum,4
ภูเขียว,Phu Khiao,ชัยภูมิ,Chaiyaphum,11
เมืองชัยภูมิ,Mueang Chaiyaphum,ชัยภูมิ,Chaiyaphum,19
หนองบัวแดง,Nong Bua Daeng,ชัยภูมิ,Chaiyaphum,8
หนองบัวระเหว,Nong Bua Rawe,ชัยภูมิ,Chaiyaphum,5
ท่าแซะ,Tha Sae,ชุมพร,Chumphon,10
ทุ่งตะโก,Thung Tako,ชุมพร,Chumphon,4
ปะทิว,Pathio,ชุมพร,Chumphon,7
พะโต๊ะ,Phato,ชุมพร,Chumphon,4
เมืองชุมพร,Mueang Chumphon,ชุมพร,Chumphon,17
ละแม,Lamae,ชุมพร,Chumphon,4
สวี,Sawi,ชุมพร,Chumphon,11
หลังสวน,Lang Suan,ชุมพร,Chumphon,13
ขุนตาล,Khun Tan,เชียงราย,Chiang Rai,3
เชียงของ,Chiang Khong,เชียงราย,Chiang Rai,7
เชียงแสน,Chiang Saen,เชียงราย,Chiang Rai,6
ดอยหลวง,Doi Luang,เชียงราย,Chiang Rai,3
เทิง,Thoeng,เชียงราย,Chiang Rai,10
ป่าแดด,Pa Daet,เชียงราย,Chiang Rai,5
พญาเม็งราย,Phaya Mengrai,เชียงราย,Chiang Rai,5
พาน,Phan,เชียงราย,Chiang Rai,15
เมืองเชียงราย,Mueang Chiang Rai,เชียงราย,Chiang Rai,16
แม่จัน,Mae Chan,เชียงราย,Chiang Rai,11
แม่ฟ้าหลวง,Mae Fa Luang,เชียงราย,Chiang Rai,4
แม่ลาว,Mae Lao,เชียงราย,Chiang Rai,5
แม่สรวย,Mae Suai,เชียงราย,Chiang Rai,7
แม่สาย,Mae Sai,เชียงราย,Chiang Rai,8
เวียงแก่น,Wiang Kaen,เชียงราย,Chiang Rai,4
เวียงชัย,Wiang Chai,เชียงราย,Chiang Rai,5
เวียงเชียงรุ้ง,Wiang Chiang Rung,เชียงราย,Chiang Rai,3
เวียงป่าเป้า,Wiang Pa Pao,เชียงราย,Chiang Rai,7
กัลยาณิวัฒนา,Galyani Vadhana,เชียงใหม่,Chiang Mai,3
จอมทอง,Chom Thong,เชียงใหม่,Chiang Mai,6
เชียงดาว,Chiang Dao,เชียงใหม่,Chiang Mai,7
ไชยปราการ,Chai Prakan,เชียงใหม่,Chiang Mai,4
ดอยเต่า,Doi Tao,เชียงใหม่,Chiang Mai,6
ดอยสะเก็ด,Doi Saket,เชียงใหม่,Chiang Mai,14
ดอยหล่อ,Doi Lo,เชียงใหม่,Chiang Mai,4
ฝาง,Fang,เชียงใหม่,Chiang Mai,8
พร้าว,Phrao,เชียงใหม่,Chiang Mai,11
เมืองเชียงใหม่,Mueang Chiang Mai,เชียงใหม่,Chiang Mai,16
แม่แจ่ม,Mae Chaem,เชียงใหม่,Chiang Mai,7
แม่แตง,Mae Taeng,เชียงใหม่,Chiang Mai,14
แม่ริม,Mae Rim,เชียงใหม่,Chiang Mai,11
แม่วาง,Mae Wang,เชียงใหม่,Chiang Mai,5
แม่ออน,Mae On,เชียงใหม่,Chiang Mai,6
แม่อาย,Mae Ai,เชียงใหม่,Chiang Mai,7
เวียงแหง,Wiang Haeng,เชียงใหม่,Chiang Mai,3
สะเมิง,Samoeng,เชียงใหม่,Chiang Mai,5
สันกำแพง,San Kamphaeng,เชียงใหม่,Chiang Mai,10
สันทราย,San Sai,เชียงใหม่,Chiang Mai,12
สันป่าตอง,San Pa Tong,เชียงใหม่,Chiang Mai,11
สารภี,Saraphi,เชียงใหม่,Chiang Mai,12
หางดง,Hang Dong,เชียงใหม่,Chiang Mai,11
อมก๋อย,Omkoi,เชียงใหม่,Chiang Mai,6
ฮอด,Hot,เชียงใหม่,Chiang Mai,6
กันตัง,Kantang,ตรัง,Trang,14
นาโยง,Na Yong,ตรัง,Trang,6
ปะเหลียน,Palian,ตรัง,Trang,10
เมืองตรัง,Mueang Trang,ตรัง,Trang,15
ย่านตาขาว,Yan Ta Khao,ตรัง,Trang,8
รัษฎา,Ratsada,ตรัง,Trang,5
วังวิเศษ,Wang Wiset,ตรัง,Trang,5
สิเกา,Sikao,ตรัง,Trang,5
ห้วยยอด,Huai Yot,ตรัง,Trang,16
หาดสำราญ,Hat Samran,ตรัง,Trang,3
เกาะกูด,Ko Kut,ตราด,Trat,2
เกาะช้าง,Ko Chang,ตราด,Trat,2
เขาสมิง,Khao Saming,ตราด,Trat,8
คลองใหญ่,Khlong Yai,ตราด,Trat,3
บ่อไร่,Bo Rai,ตราด,Trat,5
เมืองตราด,Mueang Trat,ตราด,Trat,14
แหลมงอบ,Laem Ngop,ตราด,Trat,4
ท่าสองยาง,Tha Song Yang,ตาก,Tak,6
บ้านตาก,Ban Tak,ตาก,Tak,7
พบพระ,Phop Phra,ตาก,Tak,5
เมืองตาก,Mueang Tak,ตาก,Tak,14
แม่ระมาด,Mae Ramat,ตาก,Tak,6
แม่สอด,Mae Sot,ตาก,Tak,10
วังเจ้า,Wang Chao,ตาก,Tak,3
สามเงา,Sam Ngao,ตาก,Tak,6
อุ้มผาง,Umphang,ตาก,Tak,6
บ้านนา,Ban Na,นครนายก,Nakhon Nayok,10
ปากพลี,Pak Phli,นครนายก,Nakhon Nayok,7
เมืองนครนายก,Mueang Nakhon Nayok,นครนายก,Nakhon Nayok,13
องครักษ์,Ongkharak,นครนายก,Nakhon Nayok,11
กำแพงแสน,Kamphaeng Saen,นครปฐม,Nakhon Pathom,15
ดอนตูม,Don Tum,นครปฐม,Nakhon Pathom,8
นครชัยศรี,Nakhon Chai Si,นครปฐม,Nakhon Pathom,24
บางเลน,Bang Len,นครปฐม,Nakhon Pathom,15
พุทธมณฑล,Phutthamonthon,นครปฐม,Nakhon Pathom,3
เมืองนครปฐม,Mueang Nakhon Pathom,นครปฐม,Nakhon Pathom,25
สามพราน,Sam Phran,นครปฐม,Nakhon Pathom,16
ท่าอุเทน,Tha Uthen,นครพนม,Nakhon Phanom,9
ธาตุพนม,That Phanom,นครพนม,Nakhon Phanom,12
นาแก,Na Kae,นครพนม,Nakhon Phanom,12
นาทม,Na Thom,นครพนม,Nakhon Phanom,3
นาหว้า,Na Wa,นครพนม,Nakhon Phanom,6
บ้านแพง,Ban Phaeng,นครพนม,Nakhon Phanom,6
ปลาปาก,Pla Pak,นครพนม,Nakhon Phanom,8
โพนสวรรค์,Phon Sawan,นครพนม,Nakhon Phanom,7
เมืองนครพนม,Mueang Nakhon Phanom,นครพนม,Nakhon Phanom,15
เรณูนคร,Renu Nakhon,นครพนม,Nakhon Phanom,8
วังยาง,Wang Yang,นครพนม,Nakhon Phanom,4
ศรีสงคราม,Si Songkhram,นครพนม,Nakhon Phanom,9
แก้งสนามนาง,Kaeng Sanam Nang,นครราชสีมา,Nakhon Ratchasima,5
ขามทะเลสอ,Kham Thale So,นครราชสีมา,Nakhon Ratchasima,5
ขามสะแกแสง,Kham Sakaesaeng,นครราชสีมา,Nakhon Ratchasima,7
คง,Khong,นครราชสีมา,Nakhon Ratchasima,10
ครบุรี,Khon Buri,นครราชสีมา,Nakhon Ratchasima,12
จักราช,Chakkarat,นครราชสีมา,Nakhon Ratchasima,13
เฉลิมพระเกียรติ,Chaloem Phra Kiat,นครราชสีมา,Nakhon Ratchasima,5
ชุมพวง,Chum Phuang,นครราชสีมา,Nakhon Ratchasima,13
โชคชัย,Chok Chai,นครราชสีมา,Nakhon Ratchasima,10
ด่านขุนทด,Dan Khun Thot,นครราชสีมา,Nakhon Ratchasima,16
เทพารักษ์,Thepharak,นครราชสีมา,Nakhon Ratchasima,4
โนนแดง,Non Daeng,นครราชสีมา,Nakhon Ratchasima,5
โนนไทย,Non Thai,นครราชสีมา,Nakhon Ratchasima,15
โนนสูง,Non Sung,นครราชสีมา,Nakhon Ratchasima,16
บัวลาย,Bua Lai,นครราชสีมา,Nakhon Ratchasima,4
บัวใหญ่,Bua Yai,นครราชสีมา,Nakhon Ratchasima,19
บ้านเหลื่อม,Ban Lueam,นครราชสีมา,Nakhon Ratchasima,4
ประทาย,Prathai,นครราชสีมา,Nakhon Ratchasima,13
ปักธงชัย,Pak Thong Chai,นครราชสีมา,Nakhon Ratchasima,16
ปากช่อง,Pak Chong,นครราชสีมา,Nakhon Ratchasima,12
พระทองคำ,Phra Thong Kham,นครราชสีมา,Nakhon Ratchasima,5
พิมาย,Phimai,นครราชสีมา,Nakhon Ratchasima,12
เมืองนครราชสีมา,Mueang Nakhon Ratchasima,นครราชสีมา,Nakhon Ratchasima,25
เมืองยาง,Mueang Yang,นครราชสีมา,Nakhon Ratchasima,4
ลำทะเมนชัย,Lam Thamenchai,นครราชสีมา,Nakhon Ratchasima,4
วังน้ำเขียว,Wang Nam Khiao,นครราชสีมา,Nakhon Ratchasima,5
สีคิ้ว,Sikhio,นครราชสีมา,Nakhon Ratchasima,12
สีดา,Sida,นครราชสีมา,Nakhon Ratchasima,5
สูงเนิน,Sung Noen,นครราชสีมา,Nakhon Ratchasima,11
เสิงสาง,Soeng Sang,นครราชสีมา,Nakhon Ratchasima,6
หนองบุญมาก,Nong Bunnak,นครราชสีมา,Nakhon Ratchasima,9
ห้วยแถลง,Huai Thalaeng,นครราชสีมา,Nakhon Ratchasima,10
ขนอม,Khanom,นครศรีธรรมราช,Nakhon Si Thammarat,3
จุฬาภรณ์,Chulabhorn,นครศรีธรรมราช,Nakhon Si Thammarat,6
ฉวาง,Chawang,นครศรีธรรมราช,Nakhon Si Thammarat,10
เฉลิมพระเกียรติ,Chaloem Phra Kiat,นครศรีธรรมราช,Nakhon Si Thammarat,4
ชะอวด,Cha-uat,นครศรีธรรมราช,Nakhon Si Thammarat,11
ช้างกลาง,Chang Klang,นครศรีธรรมราช,Nakhon Si Thammarat,3
เชียรใหญ่,Chian Yai,นครศรีธรรมราช,Nakhon Si Thammarat,10
ถ้ำพรรณรา,Tham Phannara,นครศรีธรรมราช,Nakhon Si Thammarat,3
ท่าศาลา,Tha Sala,นครศรีธรรมราช,Nakhon Si Thammarat,10
ทุ่งสง,Thung Song,นครศรีธรรมราช,Nakhon Si Thammarat,13
ทุ่งใหญ่,Thung Yai,นครศรีธรรมราช,Nakhon Si Thammarat,7
นบพิตำ,Nopphitam,นครศรีธรรมราช,Nakhon Si Thammarat,4
นาบอน,Na Bon,นครศรีธรรมราช,Nakhon Si Thammarat,3
บางขัน,Bang Khan,นครศรีธรรมราช,Nakhon Si Thammarat,4
ปากพนัง,Pak Phanang,นครศรีธรรมราช,Nakhon Si Thammarat,18
พรหมคีรี,Phrom Khiri,นครศรีธรรมราช,Nakhon Si Thammarat,5
พระพรหม,Phra Phrom,นครศรีธรรมราช,Nakhon Si Thammarat,4
พิปูน,Phipun,นครศรีธรรมราช,Nakhon Si Thammarat,5
เมืองนครศรีธรรมราช,Mueang Nakhon Si Thammarat,นครศรีธรรมราช,Nakhon Si Thammarat,16
ร่อนพิบูลย์,Ron Phibun,นครศรีธรรมราช,Nakhon Si Thammarat,6
ลานสกา,Lan Saka,นครศรีธรรมราช,Nakhon Si Thammarat,5
สิชล,Sichon,นครศรีธรรมราช,Nakhon Si Thammarat,9
หัวไทร,Hua Sai,นครศรีธรรมราช,Nakhon Si Thammarat,11
เก้าเลี้ยว,Kao Liao,นครสวรรค์,Nakhon Sawan,5
โกรกพระ,Krok Phra,นครสวรรค์,Nakhon Sawan,9
ชุมตาบง,Chum Ta Bong,นครสวรรค์,Nakhon Sawan,2
ชุมแสง,Chum Saeng,นครสวรรค์,Nakhon Sawan,12
ตากฟ้า,Tak Fa,นครสวรรค์,Nakhon Sawan,7
ตาคลี,Takhli,นครสวรรค์,Nakhon Sawan,10
ท่าตะโก,Takhli,นครสวรรค์,Nakhon Sawan,10
บรรพตพิสัย,Banphot Phisai,นครสวรรค์,Nakhon Sawan,13
พยุหะคีรี,Phayuha Khiri,นครสวรรค์,Nakhon Sawan,11
ไพศาลี,Phaisali,นครสวรรค์,Nakhon Sawan,8
เมืองนครสวรรค์,Mueang Nakhon Sawan,นครสวรรค์,Nakhon Sawan,17
แม่เปิน,Mae Poen,นครสวรรค์,Nakhon Sawan,1
แม่วงก์,Mae Wong,นครสวรรค์,Nakhon Sawan,4
ลาดยาว,Phayuha Khiri,นครสวรรค์,Nakhon Sawan,12
หนองบัว,Nong Bua,นครสวรรค์,Nakhon Sawan,9
ไทรน้อย,Sai Noi,นนทบุรี,Nonthaburi,7
บางกรวย,Bang Kruai,นนทบุรี,Nonthaburi,9
บางบัวทอง,Bang Bua Thong,นนทบุรี,Nonthaburi,8
บางใหญ่,Bang Yai,นนทบุรี,Nonthaburi,6
ปากเกร็ด,Pak Kret,นนทบุรี,Nonthaburi,12
เมืองนนทบุรี,Mueang Nonthaburi,นนทบุรี,Nonthaburi,10
จะแนะ,Chanae,นราธิวาส,Narathiwat,4
เจาะไอร้อง,Cho-airong,นราธิวาส,Narathiwat,3
ตากใบ,Tak Bai,นราธิวาส,Narathiwat,8
บาเจาะ,Bacho,นราธิวาส,Narathiwat,6
เมืองนราธิวาส,Mueang Narathiwat,นราธิวาส,Narathiwat,7
ยี่งอ,Yi-ngo,นราธิวาส,Narathiwat,6
ระแงะ,Ra-ngae,นราธิวาส,Narathiwat,7
รือเสาะ,Rueso,นราธิวาส,Narathiwat,9
แว้ง,Waeng,นราธิวาส,Narathiwat,6
ศรีสาคร,Si Sakhon,นราธิวาส,Narathiwat,6
สุคิริน,Sukhirin,นราธิวาส,Narathiwat,5
สุไหงโก-ลก,Su-ngai Kolok,นราธิวาส,Narathiwat,4
สุไหงปาดี,Su-ngai Padi,นราธิวาส,Narathiwat,6
เฉลิมพระเกียรติ,Chaloem Phra Kiat,น่าน,Nan,2
เชียงกลาง,Chiang Klang,น่าน,Nan,6
ท่าวังผา,Tha Wang Pha,น่าน,Nan,10
ทุ่งช้าง,Thung Chang,น่าน,Nan,4
นาน้อย,Na Noi,น่าน,Nan,7
นาหมื่น,Na Muen,น่าน,Nan,4
บ่อเกลือ,Bo Kluea,น่าน,Nan,4
บ้านหลวง,Ban Luang,น่าน,Nan,4
ปัว,Pua,น่าน,Nan,12
ภูเพียง,Phu Phiang,น่าน,Nan,7
เมืองน่าน,Mueang Nan,น่าน,Nan,11
แม่จริม,Mae Charim,น่าน,Nan,5
เวียงสา,Wiang Sa,น่าน,Nan,17
สองแคว,Song Khwae,น่าน,Nan,3
สันติสุข,Santi Suk,น่าน,Nan,3
เซกา,Seka,บึงกาฬ,Bueng Kan,9
โซ่พิสัย,So Phisai,บึงกาฬ,Bueng Kan,7
บึงโขงหลง,Bueng Khong Long,บึงกาฬ,Bueng Kan,4
บุ่งคล้า,Bung Khla,บึงกาฬ,Bueng Kan,3
ปากคาด,Pak Khat,บึงกาฬ,Bueng Kan,6
พรเจริญ,Phon Charoen,บึงกาฬ,Bueng Kan,7
เมืองบึงกาฬ,Mueang Bueng Kan,บึงกาฬ,Bueng Kan,12
ศรีวิไล,Si Wilai,บึงกาฬ,Bueng Kan,5
กระสัง,Krasang,บุรีรัมย์,Buri Ram,11
คูเมือง,Khu Mueang,บุรีรัมย์,Buri Ram,7
แคนดง,Khaen Dong,บุรีรัมย์,Buri Ram,4
เฉลิมพระเกียรติ,Chaloem Phra Kiat,บุรีรัมย์,Buri Ram,5
ชำนิ,Chamni,บุรีรัมย์,Buri Ram,6
นางรอง,Nang Rong,บุรีรัมย์,Buri Ram,15
นาโพธิ์,Na Pho,บุรีรัมย์,Buri Ram,5
โนนดินแดง,Din Daeng,บุรีรัมย์,Buri Ram,3
โนนสุวรรณ,Non Suwan,บุรีรัมย์,Buri Ram,4
บ้านกรวด,Ban Kruat,บุรีรัมย์,Buri Ram,9
บ้านด่าน,Ban Dan,บุรีรัมย์,Buri Ram,4
บ้านใหม่ไชยพจน์,Ban Mai Chaiyaphot,บุรีรัมย์,Buri Ram,5
ประโคนชัย,Prakhon Chai,บุรีรัมย์,Buri Ram,16
ปะคำ,Pakham,บุรีรัมย์,Buri Ram,5
พลับพลาชัย,Phlapphla Chai,บุรีรัมย์,Buri Ram,5
พุทไธสง,Phutthaisong,บุรีรัมย์,Buri Ram,7
เมืองบุรีรัมย์,Mueang Buri Ram,บุรีรัมย์,Buri Ram,19
ละหานทราย,Lahan Sai,บุรีรัมย์,Buri Ram,6
ลำปลายมาศ,Lam Plai Mat,บุรีรัมย์,Buri Ram,16
สตึก,Satuek,บุรีรัมย์,Buri Ram,12
หนองกี่,Nong Ki,บุรีรัมย์,Buri Ram,10
หนองหงส์,Nong Hong,บุรีรัมย์,Buri Ram,7
ห้วยราช,Huai Rat,บุรีรัมย์,Buri Ram,8
คลองหลวง,Khlong Luang,ปทุมธานี,Pathum Thani,7
ธัญบุรี,Thanyaburi,ปทุมธานี,Pathum Thani,6
เมืองปทุมธานี,Mueang Pathum Thani,ปทุมธานี,Pathum Thani,14
ลาดหลุมแก้ว,Lat Lum Kaeo,ปทุมธานี,Pathum Thani,7
ลำลูกกา,Lam Luk Ka,ปทุมธานี,Pathum Thani,8
สามโคก,Sam Khok,ปทุมธานี,Pathum Thani,11
หนองเสือ,Nong Suea,ปทุมธานี,Pathum Thani,7
กุยบุรี,Kui Buri,ประจวบคีรีขันธ์,Prachuap Khiri Khan,6
ทับสะแก,Thap Sakae,ประจวบคีรีขันธ์,Prachuap Khiri Khan,6
บางสะพาน,Bang Saphan,ประจวบคีรีขันธ์,Prachuap Khiri Khan,7
บางสะพานน้อย,Bang Saphan Noi,ประจวบคีรีขันธ์,Prachuap Khiri Khan,5
ปราณบุรี,Pran Buri,ประจวบคีรีขันธ์,Prachuap Khiri Khan,6
เมืองประจวบคีรีขันธ์,Mueang Prachuap Khiri Khan,ประจวบคีรีขันธ์,Prachuap Khiri Khan,6
สามร้อยยอด,Sam Roi Yot,ประจวบคีรีขันธ์,Prachuap Khiri Khan,5
หัวหิน,Hua Hin,ประจวบคีรีขันธ์,Prachuap Khiri Khan,7
กบินทร์บุรี,Kabin Buri,ปราจีนบุรี,Prachin Buri,14
นาดี,Na Di,ปราจีนบุรี,Prachin Buri,6
บ้านสร้าง,Ban Sang,ปราจีนบุรี,Prachin Buri,9
ประจันตคาม,Prachantakham,ปราจีนบุรี,Prachin Buri,9
เมืองปราจีนบุรี,Mueang Prachin Buri,ปราจีนบุรี,Prachin Buri,13
ศรีมหาโพธิ,Si Maha Phot,ปราจีนบุรี,Prachin Buri,10
ศรีมโหสถ,Si Mahosot,ปราจีนบุรี,Prachin Buri,4
กะพ้อ,Kapho,ปัตตานี,Pattani,3
โคกโพธิ์,Khok Pho,ปัตตานี,Pattani,12
ทุ่งยางแดง,Thung Yang Daeng,ปัตตานี,Pattani,4
ปะนาเระ,Panare,ปัตตานี,Pattani,10
มายอ,Mayo,ปัตตานี,Pattani,13
เมืองปัตตานี,Mueang Pattani,ปัตตานี,Pattani,13
แม่ลาน,Mae Lan,ปัตตานี,Pattani,3
ไม้แก่น,Mai Kaen,ปัตตานี,Pattani,4
ยะรัง,Yarang,ปัตตานี,Pattani,12
ยะหริ่ง,Yaring,ปัตตานี,Pattani,18
สายบุรี,Sai Buri,ปัตตานี,Pattani,11
หนองจิก,Nong Chik,ปัตตานี,Pattani,12
ท่าเรือ,Tha Ruea,พระนครศรีอยุธยา,Phra Nakhon Si Ayutthaya,10
นครหลวง,Nakhon Luang,พระนครศรีอยุธยา,Phra Nakhon Si Ayutthaya,12
บางซ้าย,Bang Sai,พระนครศรีอยุธยา,Phra Nakhon Si Ayutthaya,6
บางไทร,Bang Sai,พระนครศรีอยุธยา,Phra Nakhon Si Ayutthaya,23
บางบาล,Bang Ban,พระนครศรีอยุธยา,Phra Nakhon Si Ayutthaya,16
บางปะหัน,Bang Pahan,พระนครศรีอยุธยา,Phra Nakhon Si Ayutthaya,17
บางปะอิน,Bang Pa-in,พระนครศรีอยุธยา,Phra Nakhon Si Ayutthaya,18
บ้านแพรก,Ban Phraek,พระนครศรีอยุธยา,Phra Nakhon Si Ayutthaya,5
ผักไห่,Phak Hai,พระนครศรีอยุธยา,Phra Nakhon Si Ayutthaya,16
พระนครศรีอยุธยา,Phra Nakhon Si Ayutthaya,พระนครศรีอยุธยา,Phra Nakhon Si Ayutthaya,21
ภาชี,Phachi,พระนครศรีอยุธยา,Phra Nakhon Si Ayutthaya,8
มหาราช,Maha Rat,พระนครศรีอยุธยา,Phra Nakhon Si Ayutthaya,12
ลาดบัวหลวง,Lat Bua Luang,พระนครศรีอยุธยา,Phra Nakhon Si Ayutthaya,7
วังน้อย,Wang Noi,พระนครศรีอยุธยา,Phra Nakhon Si Ayutthaya,10
เสนา,Sena,พระนครศรีอยุธยา,Phra Nakhon Si Ayutthaya,17
อุทัย,Uthai,พระนครศรีอยุธยา,Phra Nakhon Si Ayutthaya,11
จุน,Chun,พะเยา,Phayao,7
เชียงคำ,Chiang Kham,พะเยา,Phayao,10
เชียงม่วน,Chiang Muan,พะเยา,Phayao,3
ดอกคำใต้,Dok Khamtai,พะเยา,Phayao,12
ปง,Pong,พะเยา,Phayao,7
ภูกามยาว,Phu Kamyao,พะเยา,Phayao,3
ภูซาง,Phu Sang,พะเยา,Phayao,5
เมืองพะเยา,Mueang Phayao,พะเยา,Phayao,15
แม่ใจ,Mae Chai,พะเยา,Phayao,6
กะปง,Kapong,พังงา,Phangnga,5
เกาะยาว,Ko Yao,พังงา,Phangnga,3
คุระบุรี,Khura Buri,พังงา,Phangnga,4
ตะกั่วทุ่ง,Takua Thung,พังงา,Phangnga,7
ตะกั่วป่า,Takua Pa,พังงา,Phangnga,8
ทับปุด,Thap Put,พังงา,Phangnga,6
ท้ายเหมือง,Thai Mueang,พังงา,Phangnga,6
เมืองพังงา,Mueang Phang-nga,พังงา,Phangnga,9
กงหรา,Kong Ra,พัทลุง,Phatthalung,5
เขาชัยสน,Khao Chaison,พัทลุง,Phatthalung,5
ควนขนุน,Khuan Khanun,พัทลุง,Phatthalung,12
ตะโหมด,Tamot,พัทลุง,Phatthalung,3
บางแก้ว,Bang Kaeo,พัทลุง,Phatthalung,3
ปากพะยูน,Pak Phayun,พัทลุง,Phatthalung,7
ป่าบอน,Pa Bon,พัทลุง,Phatthalung,5
ป่าพะยอม,Pa Phayom,พัทลุง,Phatthalung,4
เมืองพัทลุง,Mueang Phatthalung,พัทลุง,Phatthalung,14
ศรีนครินทร์,Srinagarindra,พัทลุง,Phatthalung,4
ศรีบรรพต,Si Banphot,พัทลุง,Phatthalung,3
ดงเจริญ,Dong Charoen,พิจิตร,Phichit,5
ตะพานหิน,Taphan Hin,พิจิตร,Phichit,13
ทับคล้อ,Tap Khlo,พิจิตร,Phichit,4
บางมูลนาก,Bang Mun Nak,พิจิตร,Phichit,10
บึงนาราง,Bueng Na Rang,พิจิตร,Phichit,5
โพทะเล,Pho Thale,พิจิตร,Phichit,11
โพธิ์ประทับช้าง,Pho Prathap Chang,พิจิตร,Phichit,7
เมืองพิจิตร,Mueang Phichit,พิจิตร,Phichit,16
วชิรบารมี,Wachirabarami,พิจิตร,Phichit,4
วังทรายพูน,Wang Sai Phun,พิจิตร,Phichit,4
สากเหล็ก,Sak Lek,พิจิตร,Phichit,5
สามง่าม,Sam Ngam,พิจิตร,Phichit,5
ชาติตระการ,Chat Trakan,พิษณุโลก,Phitsanulok,6
นครไทย,Nakhon Thai,พิษณุโลก,Phitsanulok,11
เนินมะปราง,Noen Maprang,พิษณุโลก,Phitsanulok,8
บางกระทุ่ม,Bang Krathum,พิษณุโลก,Phitsanulok,9
บางระกำ,Bang Rakam,พิษณุโลก,Phitsanulok,11
พรหมพิราม,Phrom Phiram,พิษณุโลก,Phitsanulok,12
เมืองพิษณุโลก,Mueang Phitsanulok,พิษณุโลก,Phitsanulok,20
วังทอง,Wang Thong,พิษณุโลก,Phitsanulok,11
วัดโบสถ์,Wat Bot,พิษณุโลก,Phitsanulok,6
แก่งกระจาน,Kaeng Krachan,เพชรบุรี,Phetchaburi,6
เขาย้อย,Khao Yoi,เพชรบุรี,Phetchaburi,10
ชะอำ,Cha-am,เพชรบุรี,Phetchaburi,9
ท่ายาง,Tha Yang,เพชรบุรี,Phetchaburi,12
บ้านลาด,Ban Lat,เพชรบุรี,Phetchaburi,18
บ้านแหลม,Ban Laem,เพชรบุรี,Phetchaburi,10
เมืองเพชรบุรี,Mueang Phetchaburi,เพชรบุรี,Phetchaburi,24
หนองหญ้าปล้อง,Nong Ya Plong,เพชรบุรี,Phetchaburi,4
เขาค้อ,Khao Kho,เพชรบูรณ์,Phetchabun,7
ชนแดน,Chon Daen,เพชรบูรณ์,Phetchabun,9
น้ำหนาว,Nam Nao,เพชรบูรณ์,Phetchabun,4
บึงสามพัน,Bueng Sam Phan,เพชรบูรณ์,Phetchabun,9
เมืองเพชรบูรณ์,Mueang Phetchabun,เพชรบูรณ์,Phetchabun,17
วังโป่ง,Wang Pong,เพชรบูรณ์,Phetchabun,5
วิเชียรบุรี,Wichian Buri,เพชรบูรณ์,Phetchabun,14
ศรีเทพ,Si Thep,เพชรบูรณ์,Phetchabun,7
หนองไผ่,Nong Phai,เพชรบูรณ์,Phetchabun,13
หล่มเก่า,Lom Kao,เพชรบูรณ์,Phetchabun,9
หล่มสัก,Lom Sak,เพชรบูรณ์,Phetchabun,23
เด่นชัย,Den Chai,แพร่,Phrae,5
เมืองแพร่,Mueang Phrae,แพร่,Phrae,20
ร้องกวาง,Rong Kwang,แพร่,Phrae,11
ลอง,Long,แพร่,Phrae,9
วังชิ้น,Wang Chin,แพร่,Phrae,7
สอง,Song,แพร่,Phrae,8
สูงเม่น,Sung Men,แพร่,Phrae,12
หนองม่วงไข่,Nong Muang Khai,แพร่,Phrae,6
กะทู้,Kathu,ภูเก็ต,Phuket,3
ถลาง,Thalang,ภูเก็ต,Phuket,6
เมืองภูเก็ต,Mueang Phuket,ภูเก็ต,Phuket,8
กันทรวิชัย,Kantharawichai,มหาสารคาม,Maha Sarakham,10
กุดรัง,Kut Rang,มหาสารคาม,Maha Sarakham,5
แกดำ,Kae Dam,มหาสารคาม,Maha Sarakham,5
โกสุมพิสัย,Kosum Phisai,มหาสารคาม,Maha Sarakham,17
ชื่นชม,Chuen Chom,มหาสารคาม,Maha Sarakham,4
เชียงยืน,Kantharawichai,มหาสารคาม,Maha Sarakham,8
นาเชือก,Na Chueak,มหาสารคาม,Maha Sarakham,10
นาดูน,Na Dun,มหาสารคาม,Maha Sarakham,9
บรบือ,Borabue,มหาสารคาม,Maha Sarakham,15
พยัคฆภูมิพิสัย,Phayakkhaphum Phisai,มหาสารคาม,Maha Sarakham,14
เมืองมหาสารคาม,Mueang Maha Sarakham,มหาสารคาม,Maha Sarakham,14
ยางสีสุราช,Yang Sisurat,มหาสารคาม,Maha Sarakham,7
วาปีปทุม,Wapi Pathum,มหาสารคาม,Maha Sarakham,15
คำชะอี,Khamcha-i,มุกดาหาร,Mukdahan,9
ดงหลวง,Dong Luang,มุกดาหาร,Mukdahan,6
ดอนตาล,Don Tan,มุกดาหาร,Mukdahan,7
นิคมคำสร้อย,Nikhom Kham Soi,มุกดาหาร,Mukdahan,7
เมืองมุกดาหาร,Mueang Mukdahan,มุกดาหาร,Mukdahan,13
หนองสูง,Nong Sung,มุกดาหาร,Mukdahan,6
หว้านใหญ่,Wan Yai,มุกดาหาร,Mukdahan,5
ขุนยวม,Khun Yuam,แม่ฮ่องสอน,Mae Hong Son,6
ปางมะผ้า,Pang Mapha,แม่ฮ่องสอน,Mae Hong Son,4
ปาย,Pai,แม่ฮ่องสอน,Mae Hong Son,7
เมืองแม่ฮ่องสอน,Mueang Mae Hong Son,แม่ฮ่องสอน,Mae Hong Son,7
แม่ลาน้อย,Mae La Noi,แม่ฮ่องสอน,Mae Hong Son,8
แม่สะเรียง,Mae Sariang,แม่ฮ่องสอน,Mae Hong Son,7
สบเมย,Sop Moei,แม่ฮ่องสอน,Mae Hong Son,6
กุดชุม,Kut Chum,ยโสธร,Yasothon,9
ค้อวัง,Kho Wang,ยโสธร,Yasothon,4
คำเขื่อนแก้ว,Kham Khuean Kaeo,ยโสธร,Yasothon,13
ทรายมูล,Sai Mun,ยโสธร,Yasothon,5
ไทยเจริญ,Thai Charoen,ยโสธร,Yasothon,5
ป่าติ้ว,Pa Tio,ยโสธร,Yasothon,5
มหาชนะชัย,Maha Chana Chai,ยโสธร,Yasothon,10
เมืองยโสธร,Mueang Yasothon,ยโสธร,Yasothon,18
เลิงนกทา,Loeng Nok Tha,ยโสธร,Yasothon,10
กรงปินัง,Krong Pinang,ยะลา,Yala,4
กาบัง,Kabang,ยะลา,Yala,2
ธารโต,Than To,ยะลา,Yala,4
บันนังสตา,Bannang Sata,ยะลา,Yala,6
เบตง,Betong,ยะลา,Yala,5
เมืองยะลา,Mueang Yala,ยะลา,Yala,14
ยะหา,Yaha,ยะลา,Yala,7
รามัน,Raman,ยะลา,Yala,16
เกษตรวิสัย,Kaset Wisai,ร้อยเอ็ด,Roi Et,13
จตุรพักตรพิมาน,Chaturaphak Phiman,ร้อยเอ็ด,Roi Et,12
จังหาร,Changhan,ร้อยเอ็ด,Roi Et,8
เชียงขวัญ,Chiang Khwan,ร้อยเอ็ด,Roi Et,6
ทุ่งเขาหลวง,Thung Khao Luang,ร้อยเอ็ด,Roi Et,5
ธวัชบุรี,Thawat Buri,ร้อยเอ็ด,Roi Et,12
ปทุมรัตต์,Pathum Rat,ร้อยเอ็ด,Roi Et,8
พนมไพร,Phanom Phrai,ร้อยเอ็ด,Roi Et,13
โพธิ์ชัย,Pho Chai,ร้อยเอ็ด,Roi Et,9
โพนทราย,Phon Sai,ร้อยเอ็ด,Roi Et,5
โพนทอง,Phon Thong,ร้อยเอ็ด,Roi Et,14
เมยวดี,Moei Wadi,ร้อยเอ็ด,Roi Et,4
เมืองร้อยเอ็ด,Mueang Roi Et,ร้อยเอ็ด,Roi Et,15
เมืองสรวง,Mueang Suang,ร้อยเอ็ด,Roi Et,5
ศรีสมเด็จ,Si Somdet,ร้อยเอ็ด,Roi Et,8
สุวรรณภูมิ,Suwannaphum,ร้อยเอ็ด,Roi Et,15
เสลภูมิ,Selaphum,ร้อยเอ็ด,Roi Et,18
หนองพอก,Nong Phok,ร้อยเอ็ด,Roi Et,9
หนองฮี,Nong Hi,ร้อยเอ็ด,Roi Et,4
อาจสามารถ,At Samat,ร้อยเอ็ด,Roi Et,10
กระบุรี,Kra Buri,ระนอง,Ranong,7
กะเปอร์,Kapoe,ระนอง,Ranong,5
เมืองระนอง,Mueang Ranong,ระนอง,Ranong,9
ละอุ่น,La-un,ระนอง,Ranong,7
สุขสำราญ,Suk Samran,ระนอง,Ranong,2
แกลง,Klaeng,ระยอง,Rayong,15
เขาชะเมา,Khao Chamao,ระยอง,Rayong,4
นิคมพัฒนา,Nikhom Phatthana,ระยอง,Rayong,4
บ้านค่าย,Ban Khai,ระยอง,Rayong,7
บ้านฉาง,Ban Chang,ระยอง,Rayong,3
ปลวกแดง,Pluak Daeng,ระยอง,Rayong,6
เมืองระยอง,Mueang Rayong,ระยอง,Rayong,15
วังจันทร์,Wang Chan,ระยอง,Rayong,4
จอมบึง,Chom Bueng,ราชบุรี,Ratchaburi,6
ดำเนินสะดวก,Damnoen Saduak,ราชบุรี,Ratchaburi,13
ท้องถิ่นเทศบาลตำบลบ้านฆ้อง,Tet Saban Ban Kong,ราชบุรี,Ratchaburi,0
บางแพ,Bang Phae,ราชบุรี,Ratchaburi,7
บ้านคา,Ban Kha,ราชบุรี,Ratchaburi,3
บ้านโป่ง,Ban Pong,ราชบุรี,Ratchaburi,15
ปากท่อ,Pak Tho,ราชบุรี,Ratchaburi,12
โพธาราม,Photharam,ราชบุรี,Ratchaburi,19
เมืองราชบุรี,Mueang Ratchaburi,ราชบุรี,Ratchaburi,22
วัดเพลง,Wat Phleng,ราชบุรี,Ratchaburi,3
สวนผึ้ง,Suan Phueng,ราชบุรี,Ratchaburi,4
โคกเจริญ,Khok Charoen,ลพบุรี,Lopburi,5
โคกสำโรง,Khok Samrong,ลพบุรี,Lopburi,13
ชัยบาดาล,Chai Badan,ลพบุรี,Lopburi,17
ท่าวุ้ง,Tha Wung,ลพบุรี,Lopburi,11
ท่าหลวง,Tha Luang,ลพบุรี,Lopburi,6
บ้านหมี่,Ban Mi,ลพบุรี,Lopburi,22
พัฒนานิคม,Phatthana Nikhom,ลพบุรี,Lopburi,9
เมืองลพบุรี,Mueang Lop Buri,ลพบุรี,Lopburi,24
ลำสนธิ,Lam Sonthi,ลพบุรี,Lopburi,6
สระโบสถ์,Sa Bot,ลพบุรี,Lopburi,5
หนองม่วง,Nong Muang,ลพบุรี,Lopburi,6
เกาะคา,Ko Kha,ลำปาง,Lampang,9
งาว,Ngao,ลำปาง,Lampang,10
แจ้ห่ม,Chae Hom,ลำปาง,Lampang,7
เถิน,Thoen,ลำปาง,Lampang,8
เมืองปาน,Mueang Pan,ลำปาง,Lampang,5
เมืองลำปาง,Mueang Lampang,ลำปาง,Lampang,19
แม่ทะ,Mae Tha,ลำปาง,Lampang,10
แม่พริก,Mae Phrik,ลำปาง,Lampang,4
แม่เมาะ,Mae Mo,ลำปาง,Lampang,5
วังเหนือ,Wang Nuea,ลำปาง,Lampang,8
สบปราบ,Sop Prap,ลำปาง,Lampang,4
เสริมงาม,Soem Ngam,ลำปาง,Lampang,4
ห้างฉัตร,Hang Chat,ลำปาง,Lampang,7
ทุ่งหัวช้าง,Thung Hua Chang,ลำพูน,Lamphun,3
บ้านธิ,Ban Thi,ลำพูน,Lamphun,2
บ้านโฮ่ง,Ban Hong,ลำพูน,Lamphun,5
ป่าซาง,Pa Sang,ลำพูน,Lamphun,9
เมืองลำพูน,Mueang Lamphun,ลำพูน,Lamphun,15
แม่ทา,Mae Tha,ลำพูน,Lamphun,6
ลี้,Li,ลำพูน,Lamphun,8
เวียงหนองล่อง,Wiang Nong Long,ลำพูน,Lamphun,3
เชียงคาน,Chiang Khan,เลย,Loei,8
ด่านซ้าย,Dan Sai,เลย,Loei,10
ท่าลี่,Tha Li,เลย,Loei,6
นาด้วง,Na Duang,เลย,Loei,4
นาแห้ว,Na Haeo,เลย,Loei,5
ปากชม,Pak Chom,เลย,Loei,6
ผาขาว,Pha Khao,เลย,Loei,5
ภูกระดึง,Phu Kradueng,เลย,Loei,4
ภูเรือ,Phu Ruea,เลย,Loei,6
ภูหลวง,Phu Luang,เลย,Loei,5
เมืองเลย,Mueang Loei,เลย,Loei,14
วังสะพุง,Wang Saphung,เลย,Loei,10
หนองหิน,Nong Hin,เลย,Loei,3
เอราวัณ,Erawan,เลย,Loei,4
กันทรลักษ์,Kantharalak,ศรีสะเกษ,Si Sa Ket,20
กันทรารมย์,Kanthararom,ศรีสะเกษ,Si Sa Ket,16
ขุขันธ์,Khukhan,ศรีสะเกษ,Si Sa Ket,22
ขุนหาญ,Khun Han,ศรีสะเกษ,Si Sa Ket,12
น้ำเกลี้ยง,Nam Kliang,ศรีสะเกษ,Si Sa Ket,6
โนนคูณ,Non Khun,ศรีสะเกษ,Si Sa Ket,5
บึงบูรพ์,Bueng Bun,ศรีสะเกษ,Si Sa Ket,2
เบญจลักษ์,Benchalak,ศรีสะเกษ,Si Sa Ket,5
ปรางค์กู่,Prang Ku,ศรีสะเกษ,Si Sa Ket,10
พยุห์,Phayu,ศรีสะเกษ,Si Sa Ket,5
โพธิ์ศรีสุวรรณ,Pho Si Suwan,ศรีสะเกษ,Si Sa Ket,5
ไพรบึง,Phrai Bueng,ศรีสะเกษ,Si Sa Ket,6
ภูสิงห์,Phu Sing,ศรีสะเกษ,Si Sa Ket,7
เมืองจันทร์,Mueang Chan,ศรีสะเกษ,Si Sa Ket,3
เมืองศรีสะเกษ,Mueang Si Sa Ket,ศรีสะเกษ,Si Sa Ket,18
ยางชุมน้อย,Yang Chum Noi,ศรีสะเกษ,Si Sa Ket,7
ราษีไศล,Rasi Salai,ศรีสะเกษ,Si Sa Ket,13
วังหิน,Wang Hin,ศรีสะเกษ,Si Sa Ket,8
ศรีรัตนะ,Si Rattana,ศรีสะเกษ,Si Sa Ket,7
ศิลาลาด,Sila Lat,ศรีสะเกษ,Si Sa Ket,4
ห้วยทับทัน,Huai Thap Than,ศรีสะเกษ,Si Sa Ket,6
อุทุมพรพิสัย,Uthumphon Phisai,ศรีสะเกษ,Si Sa Ket,19
กุดบาก,Kut Bak,สกลนคร,Sakon Nakhon,3
กุสุมาลย์,Kusuman,สกลนคร,Sakon Nakhon,5
คำตากล้า,Kham Ta Kla,สกลนคร,Sakon Nakhon,4
โคกศรีสุพรรณ,Khok Si Suphan,สกลนคร,Sakon Nakhon,4
เจริญศิลป์,Charoen Sin,สกลนคร,Sakon Nakhon,5
เต่างอย,Tao Ngoi,สกลนคร,Sakon Nakhon,4
นิคมน้ำอูน,Nikhom Nam Un,สกลนคร,Sakon Nakhon,4
บ้านม่วง,Ban Muang,สกลนคร,Sakon Nakhon,9
พรรณานิคม,Phanna Nikhom,สกลนคร,Sakon Nakhon,10
พังโคน,Phang Khon,สกลนคร,Sakon Nakhon,5
โพนนาแก้ว,Phon Na Kaeo,สกลนคร,Sakon Nakhon,5
ภูพาน,Phu Phan,สกลนคร,Sakon Nakhon,4
เมืองสกลนคร,Mueang Sakon Nakhon,สกลนคร,Sakon Nakhon,16
วานรนิวาส,Wanon Niwat,สกลนคร,Sakon Nakhon,14
วาริชภูมิ,Waritchaphum,สกลนคร,Sakon Nakhon,5
สว่างแดนดิน,Sawang Daen Din,สกลนคร,Sakon Nakhon,16
ส่องดาว,Song Dao,สกลนคร,Sakon Nakhon,4
อากาศอำนวย,Akat Amnuai,สกลนคร,Sakon Nakhon,8
กระแสสินธุ์,Krasae Sin,สงขลา,Songkhla,4
คลองหอยโข่ง,Khlong Hoi Khong,สงขลา,Songkhla,4
ควนเนียง,Khuan Niang,สงขลา,Songkhla,4
จะนะ,Chana,สงขลา,Songkhla,14
ท้องถิ่นเทศบาลตำบลสำนักขาม,Sum Nung Kam,สงขลา,Songkhla,0
เทพา,Thepha,สงขลา,Songkhla,7
นาทวี,Na Thawi,สงขลา,Songkhla,10
นาหม่อม,Na Mom,สงขลา,Songkhla,4
บางกล่ำ,Bang Klam,สงขลา,Songkhla,4
เมืองสงขลา,Mueang Songkhla,สงขลา,Songkhla,6
ระโนด,Ranot,สงขลา,Songkhla,12
รัตภูมิ,Rattaphum,สงขลา,Songkhla,5
สทิงพระ,Sathing Phra,สงขลา,Songkhla,11
สะเดา,Sadao,สงขลา,Songkhla,9
สะบ้าย้อย,Saba Yoi,สงขลา,Songkhla,9
สิงหนคร,Singhanakhon,สงขลา,Songkhla,11
หาดใหญ่,Hat Yai,สงขลา,Songkhla,13
ควนกาหลง,Khuan Kalong,สตูล,Satun,3
ควนโดน,Khuan Don,สตูล,Satun,4
ท่าแพ,Tha Phae,สตูล,Satun,4
ทุ่งหว้า,Thung Wa,สตูล,Satun,5
มะนัง,Manang,สตูล,Satun,2
เมืองสตูล,Mueang Satun,สตูล,Satun,12
ละงู,La-ngu,สตูล,Satun,6
บางบ่อ,Bang Bo,สมุทรปราการ,Samut Prakan,8
บางพลี,Bang Phli,สมุทรปราการ,Samut Prakan,6
บางเสาธง,Bang Sao Thong,สมุทรปราการ,Samut Prakan,3
พระประแดง,Phra Pradaeng,สมุทรปราการ,Samut Prakan,15
พระสมุทรเจดีย์,Phra Samut Chedi,สมุทรปราการ,Samut Prakan,5
เมืองสมุทรปราการ,Mueang Samut Prakan,สมุทรปราการ,Samut Prakan,13
บางคนที,Bang Khonthi,สมุทรสงคราม,Samut Songkhram,13
เมืองสมุทรสงคราม,Mueang Samut Songkhram,สมุทรสงคราม,Samut Songkhram,11
อัมพวา,Amphawa,สมุทรสงคราม,Samut Songkhram,12
กระทุ่มแบน,Krathum Baen,สมุทรสาคร,Samut Sakhon,10
บ้านแพ้ว,Ban Phaeo,สมุทรสาคร,Samut Sakhon,12
เมืองสมุทรสาคร,Mueang Samut Sakhon,สมุทรสาคร,Samut Sakhon,18
เขาฉกรรจ์,Khao Chakan,สระแก้ว,Sa Kaeo,4
คลองหาด,Khlong Hat,สระแก้ว,Sa Kaeo,7
โคกสูง,Khok Sung,สระแก้ว,Sa Kaeo,4
ตาพระยา,Ta Phraya,สระแก้ว,Sa Kaeo,5
เมืองสระแก้ว,Mueang Sa Kaeo,สระแก้ว,Sa Kaeo,8
วังน้ำเย็น,Wang Nam Yen,สระแก้ว,Sa Kaeo,4
วังสมบูรณ์,Wang Sombun,สระแก้ว,Sa Kaeo,3
วัฒนานคร,Watthana Nakhon,สระแก้ว,Sa Kaeo,11
อรัญประเทศ,Aranyaprathet,สระแก้ว,Sa Kaeo,13
แก่งคอย,Kaeng Khoi,สระบุรี,Saraburi,14
เฉลิมพระเกียรติ,Chaloem Phra Kiat,สระบุรี,Saraburi,6
ดอนพุด,Don Phut,สระบุรี,Saraburi,4
บ้านหมอ,Ban Mo,สระบุรี,Saraburi,9
พระพุทธบาท,Phra Phutthabat,สระบุรี,Saraburi,9
มวกเหล็ก,Muak Lek,สระบุรี,Saraburi,6
เมืองสระบุรี,Mueang Saraburi,สระบุรี,Saraburi,11
วังม่วง,Wang Muang,สระบุรี,Saraburi,3
วิหารแดง,Wihan Daeng,สระบุรี,Saraburi,6
เสาไห้,Sao Hai,สระบุรี,Saraburi,12
หนองแค,Nong Khae,สระบุรี,Saraburi,18
หนองแซง,Nong Saeng,สระบุรี,Saraburi,9
หนองโดน,Nong Don,สระบุรี,Saraburi,4
ค่ายบางระจัน,Khai Bang Rachan,สิงห์บุรี,Sing Buri,6
ท่าช้าง,Tha Chang,สิงห์บุรี,Sing Buri,4
บางระจัน,Bang Rachan,สิงห์บุรี,Sing Buri,8
พรหมบุรี,Phrom Buri,สิงห์บุรี,Sing Buri,7
เมืองสิงห์บุรี,Mueang Sing Buri,สิงห์บุรี,Sing Buri,8
อินทร์บุรี,In Buri,สิงห์บุรี,Sing Buri,10
กงไกรลาศ,Kong Krailat,สุโขทัย,Sukhothai,11
คีรีมาศ,Khiri Mat,สุโขทัย,Sukhothai,10
ทุ่งเสลี่ยม,Thung Saliam,สุโขทัย,Sukhothai,5
บ้านด่านลานหอย,Ban Dan Lan Hoi,สุโขทัย,Sukhothai,7
เมืองสุโขทัย,Mueang Sukhothai,สุโขทัย,Sukhothai,10
ศรีนคร,Si Nakhon,สุโขทัย,Sukhothai,5
ศรีสัชนาลัย,Si Satchanalai,สุโขทัย,Sukhothai,11
ศรีสำโรง,Si Samrong,สุโขทัย,Sukhothai,13
สวรรคโลก,Sawankhalok,สุโขทัย,Sukhothai,14
ดอนเจดีย์,Don Chedi,สุพรรณบุรี,Suphan Buri,5
ด่านช้าง,Dan Chang,สุพรรณบุรี,Suphan Buri,7
เดิมบางนางบวช,Doem Bang Nang Buat,สุพรรณบุรี,Suphan Buri,14
บางปลาม้า,Bang Pla Ma,สุพรรณบุรี,Suphan Buri,14
เมืองสุพรรณบุรี,Mueang Suphan Buri,สุพรรณบุรี,Suphan Buri,20
ศรีประจันต์,Si Prachan,สุพรรณบุรี,Suphan Buri,9
สองพี่น้อง,Song Phi Nong,สุพรรณบุรี,Suphan Buri,15
สามชุก,Sam Chuk,สุพรรณบุรี,Suphan Buri,7
หนองหญ้าไซ,Nong Ya Sai,สุพรรณบุรี,Suphan Buri,6
อู่ทอง,U Thong,สุพรรณบุรี,Suphan Buri,13
กาญจนดิษฐ์,Kanchanadit,สุราษฎร์ธานี,Surat Thani,13
เกาะพะงัน,Ko Pha-ngan,สุราษฎร์ธานี,Surat Thani,3
เกาะสมุย,Ko Samui,สุราษฎร์ธานี,Surat Thani,7
คีรีรัฐนิคม,Khiri Rat Nikhom,สุราษฎร์ธานี,Surat Thani,8
เคียนซา,Khian Sa,สุราษฎร์ธานี,Surat Thani,5
ชัยบุรี,Chai Buri,สุราษฎร์ธานี,Surat Thani,4
ไชยา,Chaiya,สุราษฎร์ธานี,Surat Thani,9
ดอนสัก,Don Sak,สุราษฎร์ธานี,Surat Thani,4
ท่าฉาง,Tha Chang,สุราษฎร์ธานี,Surat Thani,6
ท่าชนะ,Tha Chana,สุราษฎร์ธานี,Surat Thani,6
บ้านตาขุน,Ban Ta Khun,สุราษฎร์ธานี,Surat Thani,4
บ้านนาเดิม,Ban Na Doem,สุราษฎร์ธานี,Surat Thani,4
บ้านนาสาร,Ban Na San,สุราษฎร์ธานี,Surat Thani,11
พนม,Phanom,สุราษฎร์ธานี,Surat Thani,6
พระแสง,Phrasaeng,สุราษฎร์ธานี,Surat Thani,7
พุนพิน,Phunphin,สุราษฎร์ธานี,Surat Thani,16
เมืองสุราษฎร์ธานี,Mueang Surat Thani,สุราษฎร์ธานี,Surat Thani,11
วิภาวดี,Vibhavadi,สุราษฎร์ธานี,Surat Thani,2
เวียงสระ,Wiang Sa,สุราษฎร์ธานี,Surat Thani,5
กาบเชิง,Kap Choeng,สุรินทร์,Surin,6
เขวาสินรินทร์,Khwao Sinarin,สุรินทร์,Surin,5
จอมพระ,Chom Phra,สุรินทร์,Surin,9
ชุมพลบุรี,Chumphon Buri,สุรินทร์,Surin,9
ท่าตูม,Tha Tum,สุรินทร์,Surin,10
โนนนารายณ์,Non Narai,สุรินทร์,Surin,5
บัวเชด,Buachet,สุรินทร์,Surin,6
ปราสาท,Prasat,สุรินทร์,Surin,18
พนมดงรัก,Phanom Dong Rak,สุรินทร์,Surin,4
เมืองสุรินทร์,Mueang Surin,สุรินทร์,Surin,21
รัตนบุรี,Rattanaburi,สุรินทร์,Surin,12
ลำดวน,Lamduan,สุรินทร์,Surin,5
ศรีณรงค์,Si Narong,สุรินทร์,Surin,5
ศีขรภูมิ,Sikhoraphum,สุรินทร์,Surin,15
สนม,Sanom,สุรินทร์,Surin,7
สังขะ,Sangkha,สุรินทร์,Surin,12
สำโรงทาบ,Samrong Thap,สุรินทร์,Surin,10
ท่าบ่อ,Tha Bo,หนองคาย,Nong Khai,10
เฝ้าไร่,Fao Rai,หนองคาย,Nong Khai,5
โพธิ์ตาก,Pho Tak,หนองคาย,Nong Khai,3
โพนพิสัย,Phon Phisai,หนองคาย,Nong Khai,11
เมืองหนองคาย,Mueang Nong Khai,หนองคาย,Nong Khai,16
รัตนวาปี,Rattanawapi,หนองคาย,Nong Khai,5
ศรีเชียงใหม่,Si Chiang Mai,หนองคาย,Nong Khai,4
สระใคร,Sakhrai,หนองคาย,Nong Khai,3
สังคม,Sangkhom,หนองคาย,Nong Khai,5
นากลาง,Na Klang,หนองบัวลำภู,Nong Bua Lam Phu,9
นาวัง,Na Wang,หนองบัวลำภู,Nong Bua Lam Phu,5
โนนสัง,Non Sang,หนองบัวลำภู,Nong Bua Lam Phu,10
เมืองหนองบัวลำภู,Mueang Nong Bua Lam Phu,หนองบัวลำภู,Nong Bua Lam Phu,15
ศรีบุญเรือง,Si Bun Rueang,หนองบัวลำภู,Nong Bua Lam Phu,12
สุวรรณคูหา,Suwannakhuha,หนองบัวลำภู,Nong Bua Lam Phu,8
ไชโย,Chaiyo,อ่างทอง,Ang Thong,9
ป่าโมก,Pa Mok,อ่างทอง,Ang Thong,8
โพธิ์ทอง,Pho Thong,อ่างทอง,Ang Thong,15
เมืองอ่างทอง,Mueang Ang Thong,อ่างทอง,Ang Thong,14
วิเศษชัยชาญ,Wiset Chai Chan,อ่างทอง,Ang Thong,15
สามโก้,Samko,อ่างทอง,Ang Thong,5
แสวงหา,Sawaeng Ha,อ่างทอง,Ang Thong,7
ชานุมาน,Chanuman,อำนาจเจริญ,Amnat Charoen,5
ปทุมราชวงศา,Pathum Ratchawongsa,อำนาจเจริญ,Amnat Charoen,7
พนา,Phana,อำนาจเจริญ,Amnat Charoen,4
เมืองอำนาจเจริญ,Mueang Amnat Charoen,อำนาจเจริญ,Amnat Charoen,19
ลืออำนาจ,Lue Amnat,อำนาจเจริญ,Amnat Charoen,7
เสนางคนิคม,Senangkhanikhom,อำนาจเจริญ,Amnat Charoen,6
หัวตะพาน,Hua Taphan,อำนาจเจริญ,Amnat Charoen,8
กุดจับ,Kut Chap,อุดรธานี,Udon Thani,7
กุมภวาปี,Kumphawapi,อุดรธานี,Udon Thani,13
กู่แก้ว,Ku Kaeo,อุดรธานี,Udon Thani,4
ไชยวาน,Chai Wan,อุดรธานี,Udon Thani,4
ทุ่งฝน,Thung Fon,อุดรธานี,Udon Thani,4
นายูง,Na Yung,อุดรธานี,Udon Thani,4
น้ำโสม,Nam Som,อุดรธานี,Udon Thani,7
โนนสะอาด,Non Sa-at,อุดรธานี,Udon Thani,6
บ้านดุง,Ban Dung,อุดรธานี,Udon Thani,13
บ้านผือ,Ban Phue,อุดรธานี,Udon Thani,13
ประจักษ์ศิลปาคม,rachak-sinlapakhom,อุดรธานี,Udon Thani,3
พิบูลย์รักษ์,Phibun Rak,อุดรธานี,Udon Thani,3
เพ็ญ,Phen,อุดรธานี,Udon Thani,11
เมืองอุดรธานี,Mueang Udon Thani,อุดรธานี,Udon Thani,21
วังสามหมอ,Wang Sam Mo,อุดรธานี,Udon Thani,6
ศรีธาตุ,Si That,อุดรธานี,Udon Thani,7
สร้างคอม,Sang Khom,อุดรธานี,Udon Thani,6
หนองวัวซอ,Nong Wua So,อุดรธานี,Udon Thani,8
หนองแสง,Nong Saeng,อุดรธานี,Udon Thani,4
หนองหาน,Nong Han,อุดรธานี,Udon Thani,12
ตรอน,Tron,อุตรดิตถ์,Uttaradit,5
ทองแสนขัน,Thong Saen Khan,อุตรดิตถ์,Uttaradit,4
ท่าปลา,Tha Pla,อุตรดิตถ์,Uttaradit,8
น้ำปาด,Nam Pat,อุตรดิตถ์,Uttaradit,6
บ้านโคก,Ban Khok,อุตรดิตถ์,Uttaradit,4
พิชัย,Phichai,อุตรดิตถ์,Uttaradit,11
ฟากท่า,Fak Tha,อุตรดิตถ์,Uttaradit,4
เมืองอุตรดิตถ์,Mueang Uttaradit,อุตรดิตถ์,Uttaradit,17
ลับแล,Laplae,อุตรดิตถ์,Uttaradit,8
ทัพทัน,Thap Than,อุทัยธานี,Uthai Thani,10
บ้านไร่,Ban Rai,อุทัยธานี,Uthai Thani,13
เมืองอุทัยธานี,Mueang Uthai Thani,อุทัยธานี,Uthai Thani,14
ลานสัก,Lan Sak,อุทัยธานี,Uthai Thani,6
สว่างอารมณ์,Sawang Arom,อุทัยธานี,Uthai Thani,5
หนองขาหย่าง,Nong Khayang,อุทัยธานี,Uthai Thani,9
หนองฉาง,Nong Chang,อุทัยธานี,Uthai Thani,10
ห้วยคต,Huai Khot,อุทัยธานี,Uthai Thani,3
กุดข้าวปุ้น,Kut Khaopun,อุบลราชธานี,Ubon Ratchathani,5
เขมราฐ,Khemarat,อุบลราชธานี,Ubon Ratchathani,9
เขื่องใน,Khueang Nai,อุบลราชธานี,Ubon Ratchathani,18
โขงเจียม,Khong Chiam,อุบลราชธานี,Ubon Ratchathani,6
ดอนมดแดง,Don Mot Daeng,อุบลราชธานี,Ubon Ratchathani,4
เดชอุดม,Det Udom,อุบลราชธานี,Ubon Ratchathani,16
ตระการพืชผล,Trakan Phuet Phon,อุบลราชธานี,Ubon Ratchathani,23
ตาลสุม,Tan Sum,อุบลราชธานี,Ubon Ratchathani,6
ทุ่งศรีอุดม,Thung Si Udom,อุบลราชธานี,Ubon Ratchathani,5
นาจะหลวย,Na Chaluai,อุบลราชธานี,Ubon Ratchathani,6
นาตาล,Na Tan,อุบลราชธานี,Ubon Ratchathani,4
นาเยีย,Na Yia,อุบลราชธานี,Ubon Ratchathani,3
น้ำขุ่น,Nam Khun,อุบลราชธานี,Ubon Ratchathani,4
น้ำยืน,Nam Yuen,อุบลราชธานี,Ubon Ratchathani,7
บุณฑริก,Buntharik,อุบลราชธานี,Ubon Ratchathani,8
พิบูลมังสาหาร,Phibun Mangsahan,อุบลราชธานี,Ubon Ratchathani,14
โพธิ์ไทร,Pho Sai,อุบลราชธานี,Ubon Ratchathani,6
ม่วงสามสิบ,Muang Sam Sip,อุบลราชธานี,Ubon Ratchathani,14
เมืองอุบลราชธานี,Mueang Ubon Ratchathani,อุบลราชธานี,Ubon Ratchathani,12
วารินชำราบ,Warin Chamrap,อุบลราชธานี,Ubon Ratchathani,16
ศรีเมืองใหม่,Si Mueang Mai,อุบลราชธานี,Ubon Ratchathani,11
สว่างวีระวงศ์,Sawang Wirawong,อุบลราชธานี,Ubon Ratchathani,4
สำโรง,Samrong,อุบลราชธานี,Ubon Ratchathani,9
สิรินธร,Sirindhorn,อุบลราชธานี,Ubon Ratchathani,6
เหล่าเสือโก้ก,Lao Suea Kok,อุบลราชธานี,Ubon Ratchathani,4
